Title,Company,Posted on,Location,Experience,Skills
Python Developer,SYNECHRON,2025-08-24,Bengaluru,1-6 Years,"python core programming, data manipulation libraries, database interaction, web framework development, multithreading concepts, information technology, software requirements, sql, database management, shell scripting, rest, gtp, django"
PYTHON Developer,INFINITY GROUP,2025-08-26,Noida,2-5 Years,"python, css, django, html, bootstrap"
Python Developer,SEVEN CONSULTANCY,2025-08-25,Chennai,1-4 Years,"rest, python, oracle, sybase, bi, storage, javascript, nosql, sql, python scripting, java, xml, linux, mysql, unix"
Python Developer,IQVIA,2025-08-25,Bengaluru,2-4 Years,"python programming, aws lambda, ci/cd processes, azure services, team player"
Python Developer,Bright Vision Technologies,2025-08-22,Bengaluru,1-5 Years,"python programming, software development, database management, web technologies, problem solving, css, sql, git, debugging, html, software engineering, javascript, django, it professional"
Python Developer,Bright Vision Technologies,2025-08-22,Chennai,2-5 Years,"python programming, software development, database management, version control (git), problem solving, css, sql, debugging, html, software engineering, javascript, django, web technologies, it professional"
Python Developer,Bright Vision Technologies,2025-08-22,Delhi,2-5 Years,"python programming, software development, database management, api integration, version control, css, sql, git, debugging, html, software engineering, javascript, django, web technologies, it professional"
Python Developer,Bright Vision Technologies,2025-08-22,Hyderabad,3-5 Years,"python programming, software development, database management, web technologies, version control, css, sql, git, debugging, html, software engineering, javascript, django, it professional"
Python Developer,speqto technologies pvt ltd,2025-08-23,Noida,2-3 Years,"c, python, github, c, rest api, database, postgresql, debugging, data structures"
Python Developer,CONNECTING 2 WORK,2025-08-21,Cochin,0-3 Years,"security compliance, python, html5, mobile, javascript, database, django, debugging"
Python Developer,Ctd Techs Private Limited,2025-08-21,Chennai,3-5 Years,"html5, storage, artificial intelligence, security, testing tools, debugging, python, javascript, django"
Python Developer,HARMAN INTERNATIONAL,2025-08-21,Bengaluru,3-6 Years,"python programming, django framework, database management, api development, testing frameworks, docker, git, debugging, rest, cloud services"
Python Developer,Mind Digital Group,2025-08-21,Delhi,2-5 Years,"algorithms, css, bootstrap, git, linux, html, shell scripting, data structures, pl/sql, solaris, python, rdbms, svn, javascript, django, php, unix/linux, unix"
Python Developer,cloudxlab,2025-08-21,Bengaluru,0-3 Years,"css, html5, jquery, git, linux, html, mysql, rest, python, github, problem solving, javascript, django, web hosting"
Python Developer,FINITE HR CONSUTING PVT LTD,2025-08-21,Hyderabad,4-7 Years,"python, github, mobile, problem solving, team player, ruby, java, cassandra, php"
Python Developer,Drawsera,2025-08-21,Mumbai,1-5 Years,"css, ajax, jquery, sql, database, postgresql, mysql, html, mvc, python, javascript, django"
Python Developer,CONNECTING 2 WORK,2025-08-21,Thiruvananthapuram,5-10 Years,"python, storage, django, testing tools, debugging"
Python Developer,CONNECTING 2 WORK,2025-08-21,Thiruvananthapuram,5-6 Years,"python, css, bug fixing, bootstrap, javascript, jquery, django, debugging, html, api"
PYTHON DEVELOPER,CONNECTING 2 WORK,2025-08-21,Bengaluru,5-8 Years,"python, css, github, hosting, bug fixing, bootstrap, javascript, jquery, django, heroku, json, html, api"
Python Developer,"pegasus knowledge solutions india pvt ltd.,",2025-08-20,Bengaluru,0-3 Years,"python, css, django, java, html, bootstrap, api, jquery, sql"
Python Developer,PNR Software Solutions Private Limited,2025-08-20,Hyderabad,3-6 Years,"python, github, telecom bss, django, devops, linux, debugging, telecom, api, unix"
Python Lead,sacumen,2025-08-20,Bengaluru,6-8 Years,"html5, sql, docker, elastic search, security, database, git, devops, linux, debugging, rest, python, github, os, machine learning, javascript, django"
Python Developer,Wing Global IT Services,2025-08-20,Panchkula,2-5 Years,"spring boot, python, java, django, jpa, hibernate"
Python Developer,v support solutions,2025-08-20,Chennai,2-5 Years,"rest, python, natural language processing, django, debugging, mysql, software developer, mongodb, soap"
Python developer,AxisTechnolabs,2025-08-20,Ahmedabad,1-4 Years,"python, django, html5, team player, angularjs, javascript"
Python - Odoo,AxisTechnolabs,2025-08-20,Ahmedabad,0-1 Years,"python, django, html5, api, jquery"
PYTHON DEVELOPERS,3Embed Software Technologies,2025-08-20,Bengaluru,1-3 Years,"python, django, rest api, operating system, mysql, data structures, hadoop, mvc, mongodb"
Python Developer,3RI Technologies Pvt Ltd,2025-08-20,Pune,0-1 Years,"python, database, security, django, git, mobile"
Python Developer,Doodleblue Innovations Pvt Ltd,2025-08-28,Chennai,0-3 Years,"python, database, django, git, html5, debugging, javascript, jquery"
Python Developer,Trigyn Technologies Ltd,2025-08-08,Delhi,3-6 Years,"python proficiency, web frameworks, api development, front end integration, css, html5, rest api, bootstrap, ajax, javascript, docker, security, git, oops, mongodb, dhtml"
Python Developer,SEVEN CONSULTANCY,2025-08-25,Navi,1-3 Years,"rest, python, storage"
Python Developer,magnarus technologies private limited,2025-08-07,Hyderabad,1-3 Years,"image processing, python, c, c programming, operating system, team player, database, mysql, unix"
Python Developer,Analytics Vidhya,2025-08-07,Gurgaon,5-8 Years,"python, css, html5, html, ajax, javascript"
Python Developer,Doodleblue Innovations Pvt Ltd,2025-08-28,Chennai,0-3 Years,"python, database, django, git, html5, debugging, javascript, jquery"
Python Developer,Bright Vision Technologies,2025-08-22,Bengaluru,1-5 Years,"python programming, web technologies, software development, database management, problem solving, css, sql, git, debugging, html, software engineering, javascript, django, it professional"
Python Developer,Bright Vision Technologies,2025-08-22,Delhi,2-5 Years,"python programming, software development, code maintenance, testing and debugging, relational databases, css, sql, git, html, software engineering, javascript, django, web technologies, it professional"
Python Developer,Bright Vision Technologies,2025-08-22,Delhi,1-5 Years,"python programming, django framework, sql databases, software development, version control, css, git, debugging, html, software engineering, javascript, web technologies, it professional"
Python Developer,Bright Vision Technologies,2025-08-22,Pune,1-5 Years,"python programming, sql databases, software development principles, version control systems, css, git, debugging, html, software engineering, javascript, web technologies, it professional"
Python Developer,Bright Vision Technologies,2025-08-22,Delhi,2-5 Years,"python development, software design, clean code practices, database management, css, sql, git, html, software engineering, javascript, django, web technologies, it professional"
Python Developer,MARCUS EVANS,2025-08-22,Mumbai,4-7 Years,"python programming, fastapi development, software design principles, code versioning tools, database management, css, orchestration, docker, git, mysql, html, mongodb, svn, javascript, django"
Python Developer,SYNECHRON,2025-08-24,Hyderabad,3-6 Years,"python programming, agile methodologies, cloud technologies, iot integration, information technology, software requirements, java, git, mobile, node.js"
Python Developer,CONNECTING 2 WORK,2025-08-21,Thiruvananthapuram,0-3 Years,"security compliance, python, html5, mobile, javascript, database, django, debugging"
python developer,CONNECTING 2 WORK,2025-08-21,Cochin,0-3 Years,"ux, ux designer, photoshop, designing, illustrator"
Python   Azure,SYNECHRON,2025-08-23,Bengaluru,3-6 Years,"microsoft technologies, net and c#, asp, agile methodologies, microsoft azure, asp.net"
Python Developer,Bright Vision Technologies,2025-08-23,Hyderabad,2-5 Years,"python programming, software development, debugging & testing, database management, version control, css, sql, git, html, software engineering, javascript, django, web technologies, it professional"
Python Developer,Bright Vision Technologies,2025-08-23,Chennai,3-5 Years,"python programming software development testing & debugging database management version control systems, css, sql, git, html, software engineering, javascript, django, web technologies, it professional"
Python Engineer,east india securities ltd.,2025-08-21,Kolkata,2-5 Years,"python, hadoop, machine learning"
Python Developer,InnOvator Web Solutions Pvt.Ltd.,2025-08-21,Mumbai,5-8 Years,"rest, python, django, web developer, mysql, api"
Python Developer,CONNECTING 2 WORK,2025-08-21,Thiruvananthapuram,5-8 Years,"python, html5, javascript, sql, docker, database, node.js, django, java, postgresql, heroku, mysql, angularjs, mongodb"
Python Developer,CONNECTING 2 WORK,2025-08-21,Cochin,2-3 Years,"database, python, css, rest api, html, javascript"
Python Developer,CONNECTING 2 WORK,2025-08-21,Cochin,7-10 Years,"application developer, sql, software engineering, software development, mobile, mentoring, relational database, application development, saas"
Python Developer,Hotelogix,2025-08-26,Bengaluru,3-5 Years,"python coding, web application development, mvc architecture, api development, database design, html5, storage, javascript, security, django, git, testing tools, debugging"
Python Developer,DealsCorner,2025-08-20,Ahmedabad,1-4 Years,"python, css, oops, linux, debugging, html, javascript"
PYTHON DEVELOPER,DREAMAJAX TECHNOLOGIES,2025-08-20,Bengaluru,4-7 Years,"python, django, api, sql, nosql"
Python developer,highrise solutions llp,2025-08-20,Pune,3-6 Years,"python development, django framework, aws services, restful apis, ci/cd, html5, jquery, docker, sql, git, postgresql, senior software developer, access management, javascript, gateway"
Python Developer,AHOM Technologies Private Limited,2025-08-20,Gurgaon,0-3 Years,"rest, python, html5, javascript, jquery, sql, database management, django, apache, postgresql, mysql, mongodb"
Python - Fresher,SplendorNet Technologies Pvt. Ltd.,2025-08-20,Pune,0-3 Years,"python, css, django, rest api, web development, html, angularjs, javascript, jquery"
Python Associates,inflexi technologies pvt ltd,2025-08-20,Australia,0-2 Years,"algorithms, python, css, natural language processing, problem solving, team player, machine learning, ajax, javascript, jquery, database, postgresql, xml, message queue, debugging, data structures, mysql, html, api"
Python Developer,SEVEN CONSULTANCY,2025-08-25,Hyderabad,0-3 Years,"rest, python, web developer, storage, software developer"
Python Developer,SYNECHRON,2025-08-25,Mumbai,5-8 Years,"advanced python programming, rest api development, oop and soa principles, version control (git), software requirements, artificial intelligence, sql, security, mobile, nosql"
Python Developer,ADANI GROUP,2025-08-19,Ahmedabad,3-5 Years,"problem solving, data structures, design patterns, collaboration techniques, algorithms"
Python Developer,mspring infotech,2025-08-19,Chennai,5-7 Years,"python, javascript, sql, php, html5, c, css, bootstrap, ruby, drupal, magento"
Python QA,virtusa consulting services pvt. ltd.,2025-07-31,Chennai,4-7 Years,"python qa, robot framework, automation testing, mainframe automation, defect tracking, alm, test management, jira"
Python Developer,Bright Vision Technologies,2025-08-22,Chennai,1-5 Years,"python programming, software development, testing and debugging, database management, version control, css, sql, git, html, software engineering, javascript, django, web technologies, it professional"
Python Developer,"o9 Solutions, Inc.",2025-08-22,Netherlands,3-6 Years,"software engineering, database management, machine learning, cloud infrastructure, agile methodologies, hive, sql, hadoop, mongodb, python, telerik, team player, javascript"
Python Developer,SYNECHRON,2025-08-24,Bengaluru,7-10 Years,"python core, sql alchemy/orm, multiprocessing/multithreading, artificial intelligence, shell scripting, rest, gtp, mobile"
Python Developer,IQVIA,2025-08-24,Bengaluru,3-5 Years,"data analysis, pl/sql proficiency, machine learning, css, html, sas, logical thinking"
Python Developer,WBC Software Lab,2025-08-02,Chennai,2-5 Years,"python, git, rest api, linux, mobile, mongodb, docker"
Python Developer,CONNECTING 2 WORK,2025-08-21,Bengaluru,0-3 Years,"python, cache, rest api, storage, javascript, react.js, database, django, apache, postgresql, web technologies, .net, web development, mysql, angularjs"
Python Developer,CONNECTING 2 WORK,2025-08-21,Cochin,2-5 Years,"python, storage, sql, security, database, django, git, postgresql, oops, debugging, mysql, api"
PYTHON TRAINER,CONNECTING 2 WORK,2025-08-21,Calicut,0-3 Years,"rest, python, django, mongodb"
Python Developer,CONNECTING 2 WORK,2025-08-21,Bengaluru,5-8 Years,"python, css, github, hosting, bug fixing, bootstrap, javascript, jquery, django, heroku, json, html, api"
