Title,Company,Posted on,Location,Experience,Skills
Python Developer,WBC Software Lab,2025-09-02,Chennai,2-5 Years,"python, git, rest api, linux, mobile, mongodb, docker"
Python Developer,SYNECHRON,2025-08-24,Bengaluru,1-6 Years,"python core programming, data manipulation libraries, database interaction, web framework development, multithreading concepts, information technology, software requirements, sql, database management, shell scripting, rest, gtp, django"
PYTHON Developer,INFINITY GROUP,2025-08-26,Noida,2-5 Years,"python, css, django, html, bootstrap"
Python Developer,SEVEN CONSULTANCY,2025-08-25,Chennai,1-4 Years,"rest, python, oracle, sybase, bi, storage, javascript, nosql, sql, python scripting, java, xml, linux, mysql, unix"
Python Developer,IQVIA,2025-08-25,Bengaluru,2-4 Years,"python programming, aws lambda, ci/cd processes, azure services, team player"
Python Developer,speqto technologies pvt ltd,2025-08-23,Noida,2-3 Years,"c, python, github, c, rest api, database, postgresql, debugging, data structures"
Python Developer,LAKSH HUMAN RESOURCE,2025-09-02,Mumbai,1-3 Years,"rest, python, django, git"
Python Developer,Wing Global IT Services,2025-08-20,Panchkula,2-5 Years,"spring boot, python, java, django, jpa, hibernate"
Python Developer,v support solutions,2025-08-20,Chennai,2-5 Years,"rest, python, natural language processing, django, debugging, mysql, software developer, mongodb, soap"
Python developer,AxisTechnolabs,2025-08-20,Ahmedabad,1-4 Years,"python, django, html5, team player, angularjs, javascript"
Python - Odoo,AxisTechnolabs,2025-08-20,Ahmedabad,0-1 Years,"python, django, html5, api, jquery"
Python Developer,3RI Technologies Pvt Ltd,2025-08-20,Pune,0-1 Years,"python, database, security, django, git, mobile"
PYTHON DEVELOPERS,3Embed Software Technologies,2025-08-20,Bengaluru,1-3 Years,"python, django, rest api, operating system, mysql, data structures, hadoop, mvc, mongodb"
Python Developer,Bright Vision Technologies,2025-08-22,Bengaluru,1-5 Years,"python programming, software development, database management, web technologies, problem solving, css, sql, git, debugging, html, software engineering, javascript, django, it professional"
Python Developer,Bright Vision Technologies,2025-08-22,Chennai,2-5 Years,"python programming, software development, database management, version control (git), problem solving, css, sql, debugging, html, software engineering, javascript, django, web technologies, it professional"
Python Developer,Bright Vision Technologies,2025-08-22,Delhi,2-5 Years,"python programming, software development, database management, api integration, version control, css, sql, git, debugging, html, software engineering, javascript, django, web technologies, it professional"
Python Developer,Bright Vision Technologies,2025-08-22,Hyderabad,3-5 Years,"python programming, software development, database management, web technologies, version control, css, sql, git, debugging, html, software engineering, javascript, django, it professional"
Python Developer,"pegasus knowledge solutions india pvt ltd.,",2025-08-20,Bengaluru,0-3 Years,"python, css, django, java, html, bootstrap, api, jquery, sql"
Python Lead,sacumen,2025-08-20,Bengaluru,6-8 Years,"html5, sql, docker, elastic search, security, database, git, devops, linux, debugging, rest, python, github, os, machine learning, javascript, django"
Python Developer,PNR Software Solutions Private Limited,2025-08-20,Hyderabad,3-6 Years,"python, github, telecom bss, django, devops, linux, debugging, telecom, api, unix"
Python Developer,CONNECTING 2 WORK,2025-08-21,Thiruvananthapuram,5-10 Years,"python, storage, django, testing tools, debugging"
PYTHON DEVELOPER,CONNECTING 2 WORK,2025-08-21,Bengaluru,5-8 Years,"python, css, github, hosting, bug fixing, bootstrap, javascript, jquery, django, heroku, json, html, api"
Python Developer,CONNECTING 2 WORK,2025-08-21,Thiruvananthapuram,5-6 Years,"python, css, bug fixing, bootstrap, javascript, jquery, django, debugging, html, api"
Python Developer,CONNECTING 2 WORK,2025-08-21,Cochin,0-3 Years,"security compliance, python, html5, mobile, javascript, database, django, debugging"
Python Developer,HARMAN INTERNATIONAL,2025-08-21,Bengaluru,3-6 Years,"python programming, django framework, database management, api development, testing frameworks, docker, git, debugging, rest, cloud services"
Python Developer,FINITE HR CONSUTING PVT LTD,2025-08-21,Hyderabad,4-7 Years,"python, github, mobile, problem solving, team player, ruby, java, cassandra, php"
Python Developer,Drawsera,2025-08-21,Mumbai,1-5 Years,"css, ajax, jquery, sql, database, postgresql, mysql, html, mvc, python, javascript, django"
Python Developer,cloudxlab,2025-08-21,Bengaluru,0-3 Years,"css, html5, jquery, git, linux, html, mysql, rest, python, github, problem solving, javascript, django, web hosting"
Python Developer,Ctd Techs Private Limited,2025-08-21,Chennai,3-5 Years,"html5, storage, artificial intelligence, security, testing tools, debugging, python, javascript, django"
Python Developer,Mind Digital Group,2025-08-21,Delhi,2-5 Years,"algorithms, css, bootstrap, git, linux, html, shell scripting, data structures, pl/sql, solaris, python, rdbms, svn, javascript, django, php, unix/linux, unix"
Python Developer,Doodleblue Innovations Pvt Ltd,2025-08-28,Chennai,0-3 Years,"python, database, django, git, html5, debugging, javascript, jquery"
Python Developer,SEVEN CONSULTANCY,2025-08-25,Navi,1-3 Years,"rest, python, storage"
Python Developer,SYNECHRON,2025-08-24,Hyderabad,3-6 Years,"python programming, agile methodologies, cloud technologies, iot integration, information technology, software requirements, java, git, mobile, node.js"
Python Developer,Bright Vision Technologies,2025-08-23,Hyderabad,2-5 Years,"python programming, software development, debugging & testing, database management, version control, css, sql, git, html, software engineering, javascript, django, web technologies, it professional"
Python Developer,Bright Vision Technologies,2025-08-23,Chennai,3-5 Years,"python programming software development testing & debugging database management version control systems, css, sql, git, html, software engineering, javascript, django, web technologies, it professional"
Python   Azure,SYNECHRON,2025-08-23,Bengaluru,3-6 Years,"microsoft technologies, net and c#, asp, agile methodologies, microsoft azure, asp.net"
Python - Fresher,SplendorNet Technologies Pvt. Ltd.,2025-08-20,Pune,0-3 Years,"python, css, django, rest api, web development, html, angularjs, javascript, jquery"
Python developer,highrise solutions llp,2025-08-20,Pune,3-6 Years,"python development, django framework, aws services, restful apis, ci/cd, html5, jquery, docker, sql, git, postgresql, senior software developer, access management, javascript, gateway"
Python Developer,DealsCorner,2025-08-20,Ahmedabad,1-4 Years,"python, css, oops, linux, debugging, html, javascript"
PYTHON DEVELOPER,DREAMAJAX TECHNOLOGIES,2025-08-20,Bengaluru,4-7 Years,"python, django, api, sql, nosql"
Python Associates,inflexi technologies pvt ltd,2025-08-20,Australia,0-2 Years,"algorithms, python, css, natural language processing, problem solving, team player, machine learning, ajax, javascript, jquery, database, postgresql, xml, message queue, debugging, data structures, mysql, html, api"
Python Developer,AHOM Technologies Private Limited,2025-08-20,Gurgaon,0-3 Years,"rest, python, html5, javascript, jquery, sql, database management, django, apache, postgresql, mysql, mongodb"
Python Developer,MARCUS EVANS,2025-08-22,Mumbai,4-7 Years,"python programming, fastapi development, software design principles, code versioning tools, database management, css, orchestration, docker, git, mysql, html, mongodb, svn, javascript, django"
Python Developer,Bright Vision Technologies,2025-08-22,Bengaluru,1-5 Years,"python programming, web technologies, software development, database management, problem solving, css, sql, git, debugging, html, software engineering, javascript, django, it professional"
Python Developer,Bright Vision Technologies,2025-08-22,Delhi,2-5 Years,"python programming, software development, code maintenance, testing and debugging, relational databases, css, sql, git, html, software engineering, javascript, django, web technologies, it professional"
Python Developer,Bright Vision Technologies,2025-08-22,Delhi,1-5 Years,"python programming, django framework, sql databases, software development, version control, css, git, debugging, html, software engineering, javascript, web technologies, it professional"
Python Developer,Bright Vision Technologies,2025-08-22,Pune,1-5 Years,"python programming, sql databases, software development principles, version control systems, css, git, debugging, html, software engineering, javascript, web technologies, it professional"
Python Developer,Bright Vision Technologies,2025-08-22,Delhi,2-5 Years,"python development, software design, clean code practices, database management, css, sql, git, html, software engineering, javascript, django, web technologies, it professional"
Python Developer,Trigyn Technologies Ltd,2025-08-08,Delhi,3-6 Years,"python proficiency, web frameworks, api development, front end integration, css, html5, rest api, bootstrap, ajax, javascript, docker, security, git, oops, mongodb, dhtml"
Python Developer,mspring infotech,2025-08-19,Chennai,5-7 Years,"python, javascript, sql, php, html5, c, css, bootstrap, ruby, drupal, magento"
Python Developer,ADANI GROUP,2025-08-19,Ahmedabad,3-5 Years,"problem solving, data structures, design patterns, collaboration techniques, algorithms"
Python Engineer,east india securities ltd.,2025-08-21,Kolkata,2-5 Years,"python, hadoop, machine learning"
Python Developer,CONNECTING 2 WORK,2025-08-21,Thiruvananthapuram,5-8 Years,"python, html5, javascript, sql, docker, database, node.js, django, java, postgresql, heroku, mysql, angularjs, mongodb"
Python Developer,CONNECTING 2 WORK,2025-08-21,Cochin,2-3 Years,"database, python, css, rest api, html, javascript"
Python Developer,InnOvator Web Solutions Pvt.Ltd.,2025-08-21,Mumbai,5-8 Years,"rest, python, django, web developer, mysql, api"
Python Developer,CONNECTING 2 WORK,2025-08-21,Thiruvananthapuram,0-3 Years,"security compliance, python, html5, mobile, javascript, database, django, debugging"
python developer,CONNECTING 2 WORK,2025-08-21,Cochin,0-3 Years,"ux, ux designer, photoshop, designing, illustrator"
Python Developer,CONNECTING 2 WORK,2025-08-21,Cochin,7-10 Years,"application developer, sql, software engineering, software development, mobile, mentoring, relational database, application development, saas"
Python Developer,Analytics Vidhya,2025-08-07,Gurgaon,5-8 Years,"python, css, html5, html, ajax, javascript"
Python Developer,magnarus technologies private limited,2025-08-07,Hyderabad,1-3 Years,"image processing, python, c, c programming, operating system, team player, database, mysql, unix"
Python Architect,Headhuntersinc consultancy Private Limited,2025-09-04,Chennai,10-13 Years,"hive, c, sql, java, linux, hadoop, big data, c#, global delivery, python, edi, hl7, .net, unix"
Python Developer,NLiven Technologies Pvt. Ltd.,2025-08-13,Indore,2-3 Years,"rest, python, html5, javascript, jquery, nosql, security, django, git, oops, mysql"
Python QA,virtusa consulting services pvt. ltd.,2025-07-31,Chennai,4-7 Years,"python qa, robot framework, automation testing, mainframe automation, defect tracking, alm, test management, jira"
Python QA,virtusa consulting services pvt. ltd.,2025-08-12,Chennai,5-8 Years,"python automation testing, selenium/uft proficiency, mainframe automation tools, alm, test management, defect tracking, qa, jira"
Python Developer,pando,2025-08-12,Chennai,2-4 Years,"python development, django framework, sql database design, data processing pipelines, performance optimization, storage, system architecture"
Python Developer,zenga tv,2025-09-02,Gurgaon,2-5 Years,"python, django, html5, javascript"
Python Developer,Movate technologies limited,2025-08-06,Chennai,5-8 Years,"data conversion, nosql databases, data lake construction, cost optimization, python programming, delta"
Python QA,virtusa consulting services pvt. ltd.,2025-08-04,Chennai,5-8 Years,"python automation, robot framework, selenium proficiency, mainframe tools, test management, alm, automation testing, defect tracking, qa, jira"
Python Developer,Hotelogix,2025-08-26,Bengaluru,3-5 Years,"python coding, web application development, mvc architecture, api development, database design, html5, storage, javascript, security, django, git, testing tools, debugging"
Python Developer,SYNECHRON,2025-08-25,Mumbai,5-8 Years,"advanced python programming, rest api development, oop and soa principles, version control (git), software requirements, artificial intelligence, sql, security, mobile, nosql"
Python Developer,SEVEN CONSULTANCY,2025-08-25,Hyderabad,0-3 Years,"rest, python, web developer, storage, software developer"
Python Developer,SYNECHRON,2025-08-24,Bengaluru,7-10 Years,"python core, sql alchemy/orm, multiprocessing/multithreading, artificial intelligence, shell scripting, rest, gtp, mobile"
Python Developer,IQVIA,2025-08-24,Bengaluru,3-5 Years,"data analysis, pl/sql proficiency, machine learning, css, html, sas, logical thinking"
Python Developer,ORACLE,2025-08-23,Hyderabad,2-5 Years,"python development, software architecture, agile methodologies, web frameworks, problem solving, css, software engineering, html, oracle, javascript, git, debugging, cloud computing, django"
Python Developer,Techasoft Pvt Ltd,2025-08-20,Bengaluru,0-3 Years,"python, javascript, docker, django, postgresql, oops, mysql, mongodb, opencv"
Python Developer,SEVEN CONSULTANCY,2025-08-20,Surat,9-12 Years,"Python programming, programming language, front-end developer"
Python Programmer,3RI Technologies Pvt Ltd,2025-08-20,Pune,0-1 Years,"python, Pandas, PyQt5, Matplotlib, Openpyxl"
Python Developer,ADROIT LEARNING AND MANPOWER PVT LTD,2025-08-20,Ahmedabad,0-5 Years,"rest api, sql, database, security, devops, rest, python, tornado, javascript, django, infrastructure"
Python Developer,highrise solutions llp,2025-08-20,Pune,4-7 Years,"python 3.x, django, linux, mysql, microservices, rest api, docker, java, postgresql, software engineer, middleware, team player, messaging"
Python Developer,"o9 Solutions, Inc.",2025-08-22,Netherlands,3-6 Years,"software engineering, database management, machine learning, cloud infrastructure, agile methodologies, hive, sql, hadoop, mongodb, python, telerik, team player, javascript"
Python Developers,botree technologies,2025-08-20,Ahmedabad,3-6 Years,"security compliance, python, html5, svn, javascript, database, django, git, web developer, debugging"
Python Developer,AxisTechnolabs,2025-08-20,Ahmedabad,0-1 Years,"python, css, user interaction, bootstrap, openerp, database, xml, oops, html"
Python Trainer,Excel Ptp,2025-08-20,Ahmedabad,1-4 Years,"jquery, sql, git, oops, json, mysql, object oriented programming, mongodb, middleware, rest, python, svn, machine learning, django"
Python Developer,Bright Vision Technologies,2025-08-22,Chennai,1-5 Years,"python programming, software development, testing and debugging, database management, version control, css, sql, git, html, software engineering, javascript, django, web technologies, it professional"
Python Developer,SEVEN CONSULTANCY,2025-08-19,Navi,4-7 Years,"python, mvc, sql"
Python Developer,realizer technologies,2025-08-19,Pune,0-3 Years,"testing, software development life cycle, agile"
Python Developer,geekyworks,2025-08-19,Pune,2-3 Years,"html5, bootstrap, ajax, git, apache, xml, debugging, mysql, api, rest, python, nosql, django"
Python Developer,acquiscent technologies pvt. ltd.,2025-08-19,Pune,1-5 Years,"python, machine learning, javascript, nosql, java, django, linux, web application server, mysql"
Python Developer,Ctd Techs Private Limited,2025-08-21,Chennai,3-5 Years,"html5, storage, artificial intelligence, security, testing tools, debugging, python, javascript, django"
Python Developer,CONNECTING 2 WORK,2025-08-21,Bengaluru,5-8 Years,"python, css, github, hosting, bug fixing, bootstrap, javascript, jquery, django, heroku, json, html, api"
PYTHON TRAINER,CONNECTING 2 WORK,2025-08-21,Calicut,0-3 Years,"rest, python, django, mongodb"
Python Developer,CONNECTING 2 WORK,2025-08-21,Bengaluru,0-3 Years,"python, cache, rest api, storage, javascript, react.js, database, django, apache, postgresql, web technologies, .net, web development, mysql, angularjs"
Python Developer,CONNECTING 2 WORK,2025-08-21,Cochin,2-5 Years,"python, storage, sql, security, database, django, git, postgresql, oops, debugging, mysql, api"
Python Developer,Infocom Software,2025-07-27,Thiruvananthapuram,0-3 Years,"rest, python, css, html5, machine learning, artificial intelligence, javascript, jquery, security, django, debugging"
Python Developer,virtusa consulting services pvt. ltd.,2025-08-16,Dubai,2-4 Years,"core python proficiency, debugging techniques, algorithms, database, git, data structures, machine learning, exceptions, django"
Python Developer,IQVIA,2025-08-13,Bengaluru,3-6 Years,"full stack development, python programming, scalable architecture, data processing pipelines, cloud platforms, c, orchestration, docker, sql, security, git, system architecture"
Python Developer,pando,2025-08-12,Chennai,2-3 Years,"python development, django framework, sql database design, data processing pipelines, application optimization, storage, system architecture"
CORE PYTHON DEVELOPMENT ENGINEER / PYTHON EXPERT,infinity business solutions pvt ltd,2025-08-20,Gurgaon,7-10 Years,"Python, Numpy, Pandas, OOPs, APIs, oracle pl/sql, control-m, plsql, aix, database, python scripting, devops, linux, oops, software engineering, rest, team player, svn, windows, unix"
Python Developer,NuageBiz.Tech,2025-08-11,Noida,2-5 Years,"python, mobile, team player, svn, security, git, software engineering"
Python Developer,Infocom Software,2025-08-11,Thiruvananthapuram,0-3 Years,"rest, python, css, html5, machine learning, artificial intelligence, javascript, jquery, security, django, debugging"
